{"cameraMode":{"drawMode":0,"name":"Shaded","section":"Shading Mode"},"sceneLighting":true,"audioPlay":false,"sceneViewState":{"showFog":true,"showMaterialUpdate":false,"showSkybox":true,"showFlares":true,"showImageEffects":true,"showParticleSystems":true},"in2DMode":false,"pivot":{"x":-1.5236048698425294,"y":2.282193183898926,"z":-4.444795608520508},"rotation":{"x":0.08618330955505371,"y":0.5297762155532837,"z":-0.05422601476311684,"w":0.8420066237449646},"size":3.519151449203491,"orthographic":false}