{"cameraMode":{"drawMode":0,"name":"Shaded","section":"Shading Mode"},"sceneLighting":false,"audioPlay":false,"sceneViewState":{"showFog":true,"showMaterialUpdate":false,"showSkybox":false,"showFlares":true,"showImageEffects":true,"showParticleSystems":true},"in2DMode":false,"pivot":{"x":533.209228515625,"y":416.46917724609377,"z":-3.5302734375},"rotation":{"x":0.005999935325235128,"y":-0.0023982792627066375,"z":0.000013805628441332374,"w":0.9999820590019226},"size":381.98284912109377,"orthographic":false}