{"cameraMode":{"drawMode":0,"name":"Shaded","section":"Shading Mode"},"sceneLighting":true,"audioPlay":false,"sceneViewState":{"showFog":true,"showMaterialUpdate":false,"showSkybox":true,"showFlares":true,"showImageEffects":true,"showParticleSystems":true},"in2DMode":false,"pivot":{"x":-30.516889572143556,"y":-19.40220832824707,"z":-9.312545776367188},"rotation":{"x":-0.22482706606388093,"y":0.5584984421730042,"z":-0.16053526103496552,"w":-0.7821555137634277},"size":21.253862380981447,"orthographic":false}