{"cameraMode":{"drawMode":0,"name":"Shaded","section":"Shading Mode"},"sceneLighting":true,"audioPlay":false,"sceneViewState":{"showFog":true,"showMaterialUpdate":false,"showSkybox":true,"showFlares":true,"showImageEffects":true,"showParticleSystems":true},"in2DMode":false,"pivot":{"x":-5.149392604827881,"y":-25.080493927001954,"z":30.007732391357423},"rotation":{"x":-0.34590768814086916,"y":0.147970512509346,"z":-0.05535465478897095,"w":-0.9248813986778259},"size":21.755504608154298,"orthographic":false}