{"cameraMode":{"drawMode":0,"name":"Shaded","section":"Shading Mode"},"sceneLighting":true,"audioPlay":false,"sceneViewState":{"showFog":true,"showMaterialUpdate":false,"showSkybox":true,"showFlares":true,"showImageEffects":true,"showParticleSystems":true},"in2DMode":false,"pivot":{"x":1092.8985595703125,"y":1006.3843383789063,"z":1615.190185546875},"rotation":{"x":0.005999935325235128,"y":-0.0023982792627066375,"z":0.000013805628441332374,"w":0.9999820590019226},"size":2227.54736328125,"orthographic":false}