{"cameraMode":{"drawMode":0,"name":"Shaded","section":"Shading Mode"},"sceneLighting":false,"audioPlay":false,"sceneViewState":{"showFog":true,"showMaterialUpdate":false,"showSkybox":false,"showFlares":true,"showImageEffects":true,"showParticleSystems":true},"in2DMode":false,"pivot":{"x":0.0,"y":5.840000152587891,"z":-9.130000114440918},"rotation":{"x":-0.025210486724972726,"y":-0.9689086675643921,"z":0.21961596608161927,"w":-0.11119035631418228},"size":0.8675424456596375,"orthographic":false}