{"cameraMode":{"drawMode":0,"name":"Shaded","section":"Shading Mode"},"sceneLighting":true,"audioPlay":false,"sceneViewState":{"showFog":true,"showMaterialUpdate":false,"showSkybox":true,"showFlares":true,"showImageEffects":true,"showParticleSystems":true},"in2DMode":false,"pivot":{"x":15.472558975219727,"y":1.6829071044921876,"z":13.200848579406739},"rotation":{"x":0.15119022130966187,"y":0.6999304890632629,"z":-0.1560581624507904,"w":0.6805571913719177},"size":14.827664375305176,"orthographic":false}